{"mae": 0.046517882296865265, "rmse": 0.05989088392532848, "mape": 34.29249419733767}