{"mae": 0.04615356463507583, "rmse": 0.06133591855089346, "mape": 30.592052226590468}