{"mae": 0.0457171752524818, "rmse": 0.0624056307878066, "mape": 28.450510900236168}