{"mae": 0.04424863445967849, "rmse": 0.05846561304408901, "mape": 30.381912343332623}