{"mae": 0.11210257013899144, "rmse": 0.13385726311684681, "mape": 60.56817176391463}