{"mae": 0.1050745299723779, "rmse": 0.12441853458312138, "mape": 61.05725508690901}