{"mae": 0.054543430951229994, "rmse": 0.07104180933409934, "mape": 34.409684310424865}