{"mae": 0.05025100251344882, "rmse": 0.06223156138750542, "mape": 36.10950043689254}